OG,Cnat_Orthofinder_input,Mcav_coral_only_denovo,Ofav_coral_only_denovo,Past_longest_proteome,Ssid_longest_proteome,Total
OG0007747,1,1,1,1,1,5
OG0007748,1,1,1,1,1,5
OG0007785,1,1,1,1,1,5
OG0007801,1,1,1,1,1,5
OG0007824,1,1,1,1,1,5
OG0007866,1,1,1,1,1,5
OG0007900,1,1,1,1,1,5
OG0007925,1,1,1,1,1,5
OG0007941,1,1,1,1,1,5
OG0007953,1,1,1,1,1,5
OG0007980,1,1,1,1,1,5
OG0008036,1,1,1,1,1,5
OG0008045,1,1,1,1,1,5
OG0008047,1,1,1,1,1,5
OG0008078,1,1,1,1,1,5
OG0008089,1,1,1,1,1,5
OG0008106,1,1,1,1,1,5
OG0008120,1,1,1,1,1,5
OG0008123,1,1,1,1,1,5
OG0008137,1,1,1,1,1,5
OG0008146,1,1,1,1,1,5
OG0008150,1,1,1,1,1,5
OG0008151,1,1,1,1,1,5
OG0008155,1,1,1,1,1,5
OG0008163,1,1,1,1,1,5
OG0008169,1,1,1,1,1,5
OG0008214,1,1,1,1,1,5
OG0008233,1,1,1,1,1,5
OG0008250,1,1,1,1,1,5
OG0008251,1,1,1,1,1,5
OG0008266,1,1,1,1,1,5
OG0008286,1,1,1,1,1,5
OG0008302,1,1,1,1,1,5
OG0008313,1,1,1,1,1,5
OG0008324,1,1,1,1,1,5
OG0008328,1,1,1,1,1,5
OG0008330,1,1,1,1,1,5
OG0008365,1,1,1,1,1,5
OG0008369,1,1,1,1,1,5
OG0008371,1,1,1,1,1,5
OG0008376,1,1,1,1,1,5
OG0008397,1,1,1,1,1,5
OG0008424,1,1,1,1,1,5
OG0008428,1,1,1,1,1,5
OG0008440,1,1,1,1,1,5
OG0008443,1,1,1,1,1,5
OG0008447,1,1,1,1,1,5
OG0008451,1,1,1,1,1,5
OG0008453,1,1,1,1,1,5
OG0008463,1,1,1,1,1,5
OG0008500,1,1,1,1,1,5
OG0008512,1,1,1,1,1,5
OG0008521,1,1,1,1,1,5
OG0008540,1,1,1,1,1,5
OG0008562,1,1,1,1,1,5
OG0008565,1,1,1,1,1,5
OG0008566,1,1,1,1,1,5
OG0008576,1,1,1,1,1,5
OG0008582,1,1,1,1,1,5
OG0008587,1,1,1,1,1,5
OG0008609,1,1,1,1,1,5
OG0008626,1,1,1,1,1,5
OG0008628,1,1,1,1,1,5
OG0008632,1,1,1,1,1,5
OG0008667,1,1,1,1,1,5
OG0008676,1,1,1,1,1,5
OG0008691,1,1,1,1,1,5
OG0008710,1,1,1,1,1,5
OG0008724,1,1,1,1,1,5
OG0008729,1,1,1,1,1,5
OG0008735,1,1,1,1,1,5
OG0008755,1,1,1,1,1,5
OG0008759,1,1,1,1,1,5
OG0008760,1,1,1,1,1,5
OG0008762,1,1,1,1,1,5
OG0008770,1,1,1,1,1,5
OG0008772,1,1,1,1,1,5
OG0008783,1,1,1,1,1,5
OG0008792,1,1,1,1,1,5
OG0008794,1,1,1,1,1,5
OG0008796,1,1,1,1,1,5
OG0008798,1,1,1,1,1,5
OG0008800,1,1,1,1,1,5
OG0008809,1,1,1,1,1,5
OG0008814,1,1,1,1,1,5
OG0008817,1,1,1,1,1,5
OG0008818,1,1,1,1,1,5
OG0008824,1,1,1,1,1,5
OG0008828,1,1,1,1,1,5
OG0008834,1,1,1,1,1,5
OG0008836,1,1,1,1,1,5
OG0008857,1,1,1,1,1,5
OG0008859,1,1,1,1,1,5
OG0008861,1,1,1,1,1,5
OG0008863,1,1,1,1,1,5
OG0008865,1,1,1,1,1,5
OG0008870,1,1,1,1,1,5
OG0008875,1,1,1,1,1,5
OG0008876,1,1,1,1,1,5
OG0008886,1,1,1,1,1,5
OG0008890,1,1,1,1,1,5
OG0008891,1,1,1,1,1,5
OG0008893,1,1,1,1,1,5
OG0008906,1,1,1,1,1,5
OG0008911,1,1,1,1,1,5
OG0008915,1,1,1,1,1,5
OG0008922,1,1,1,1,1,5
OG0008926,1,1,1,1,1,5
OG0008928,1,1,1,1,1,5
OG0008937,1,1,1,1,1,5
OG0008939,1,1,1,1,1,5
OG0008955,1,1,1,1,1,5
OG0008956,1,1,1,1,1,5
OG0008960,1,1,1,1,1,5
OG0008962,1,1,1,1,1,5
OG0008963,1,1,1,1,1,5
OG0008975,1,1,1,1,1,5
OG0008987,1,1,1,1,1,5
OG0008990,1,1,1,1,1,5
OG0009000,1,1,1,1,1,5
OG0009001,1,1,1,1,1,5
OG0009003,1,1,1,1,1,5
OG0009010,1,1,1,1,1,5
OG0009014,1,1,1,1,1,5
OG0009018,1,1,1,1,1,5
OG0009022,1,1,1,1,1,5
OG0009024,1,1,1,1,1,5
OG0009026,1,1,1,1,1,5
OG0009027,1,1,1,1,1,5
OG0009029,1,1,1,1,1,5
OG0009038,1,1,1,1,1,5
OG0009039,1,1,1,1,1,5
OG0009051,1,1,1,1,1,5
OG0009056,1,1,1,1,1,5
OG0009058,1,1,1,1,1,5
OG0009062,1,1,1,1,1,5
OG0009069,1,1,1,1,1,5
OG0009074,1,1,1,1,1,5
OG0009076,1,1,1,1,1,5
OG0009078,1,1,1,1,1,5
OG0009080,1,1,1,1,1,5
OG0009084,1,1,1,1,1,5
OG0009088,1,1,1,1,1,5
OG0009091,1,1,1,1,1,5
OG0009094,1,1,1,1,1,5
OG0009097,1,1,1,1,1,5
OG0009100,1,1,1,1,1,5
OG0009108,1,1,1,1,1,5
OG0009114,1,1,1,1,1,5
OG0009115,1,1,1,1,1,5
OG0009125,1,1,1,1,1,5
OG0009126,1,1,1,1,1,5
OG0009131,1,1,1,1,1,5
OG0009138,1,1,1,1,1,5
OG0009140,1,1,1,1,1,5
OG0009141,1,1,1,1,1,5
OG0009143,1,1,1,1,1,5
OG0009145,1,1,1,1,1,5
OG0009146,1,1,1,1,1,5
OG0009153,1,1,1,1,1,5
OG0009154,1,1,1,1,1,5
OG0009155,1,1,1,1,1,5
OG0009158,1,1,1,1,1,5
OG0009159,1,1,1,1,1,5
OG0009160,1,1,1,1,1,5
OG0009161,1,1,1,1,1,5
OG0009165,1,1,1,1,1,5
OG0009171,1,1,1,1,1,5
OG0009173,1,1,1,1,1,5
OG0009176,1,1,1,1,1,5
OG0009177,1,1,1,1,1,5
OG0009178,1,1,1,1,1,5
OG0009180,1,1,1,1,1,5
OG0009185,1,1,1,1,1,5
OG0009188,1,1,1,1,1,5
OG0009192,1,1,1,1,1,5
OG0009194,1,1,1,1,1,5
OG0009195,1,1,1,1,1,5
OG0009200,1,1,1,1,1,5
OG0009202,1,1,1,1,1,5
OG0009204,1,1,1,1,1,5
OG0009205,1,1,1,1,1,5
OG0009218,1,1,1,1,1,5
OG0009224,1,1,1,1,1,5
OG0009225,1,1,1,1,1,5
OG0009227,1,1,1,1,1,5
OG0009235,1,1,1,1,1,5
OG0009239,1,1,1,1,1,5
OG0009243,1,1,1,1,1,5
OG0009248,1,1,1,1,1,5
OG0009249,1,1,1,1,1,5
OG0009251,1,1,1,1,1,5
OG0009252,1,1,1,1,1,5
OG0009253,1,1,1,1,1,5
OG0009254,1,1,1,1,1,5
OG0009255,1,1,1,1,1,5
OG0009256,1,1,1,1,1,5
OG0009258,1,1,1,1,1,5
OG0009261,1,1,1,1,1,5
OG0009263,1,1,1,1,1,5
OG0009265,1,1,1,1,1,5
OG0009267,1,1,1,1,1,5
OG0009268,1,1,1,1,1,5
OG0009269,1,1,1,1,1,5
OG0009274,1,1,1,1,1,5
OG0009279,1,1,1,1,1,5
OG0009281,1,1,1,1,1,5
OG0009282,1,1,1,1,1,5
OG0009283,1,1,1,1,1,5
OG0009291,1,1,1,1,1,5
OG0009293,1,1,1,1,1,5
OG0009295,1,1,1,1,1,5
OG0009297,1,1,1,1,1,5
OG0009302,1,1,1,1,1,5
OG0009303,1,1,1,1,1,5
OG0009307,1,1,1,1,1,5
OG0009309,1,1,1,1,1,5
OG0009311,1,1,1,1,1,5
OG0009313,1,1,1,1,1,5
OG0009314,1,1,1,1,1,5
OG0009315,1,1,1,1,1,5
OG0009316,1,1,1,1,1,5
OG0009320,1,1,1,1,1,5
OG0009323,1,1,1,1,1,5
OG0009325,1,1,1,1,1,5
OG0009328,1,1,1,1,1,5
OG0009331,1,1,1,1,1,5
OG0009332,1,1,1,1,1,5
OG0009333,1,1,1,1,1,5
OG0009339,1,1,1,1,1,5
OG0009340,1,1,1,1,1,5
OG0009341,1,1,1,1,1,5
OG0009342,1,1,1,1,1,5
OG0009343,1,1,1,1,1,5
OG0009344,1,1,1,1,1,5
OG0009346,1,1,1,1,1,5
OG0009349,1,1,1,1,1,5
OG0009351,1,1,1,1,1,5
OG0009356,1,1,1,1,1,5
OG0009357,1,1,1,1,1,5
OG0009359,1,1,1,1,1,5
OG0009361,1,1,1,1,1,5
OG0009363,1,1,1,1,1,5
OG0009365,1,1,1,1,1,5
OG0009366,1,1,1,1,1,5
OG0009369,1,1,1,1,1,5
OG0009370,1,1,1,1,1,5
OG0009375,1,1,1,1,1,5
OG0009377,1,1,1,1,1,5
OG0009379,1,1,1,1,1,5
OG0009380,1,1,1,1,1,5
OG0009381,1,1,1,1,1,5
OG0009382,1,1,1,1,1,5
OG0009383,1,1,1,1,1,5
OG0009384,1,1,1,1,1,5
OG0009385,1,1,1,1,1,5
OG0009386,1,1,1,1,1,5
OG0009387,1,1,1,1,1,5
OG0009388,1,1,1,1,1,5
OG0009390,1,1,1,1,1,5
OG0009392,1,1,1,1,1,5
OG0009393,1,1,1,1,1,5
OG0009394,1,1,1,1,1,5
OG0009395,1,1,1,1,1,5
OG0009396,1,1,1,1,1,5
OG0009397,1,1,1,1,1,5
OG0009401,1,1,1,1,1,5
OG0009402,1,1,1,1,1,5
OG0009403,1,1,1,1,1,5
OG0009406,1,1,1,1,1,5
OG0009408,1,1,1,1,1,5
OG0009409,1,1,1,1,1,5
OG0009410,1,1,1,1,1,5
OG0009411,1,1,1,1,1,5
OG0009412,1,1,1,1,1,5
OG0009417,1,1,1,1,1,5
OG0009420,1,1,1,1,1,5
OG0009422,1,1,1,1,1,5
OG0009424,1,1,1,1,1,5
OG0009426,1,1,1,1,1,5
OG0009434,1,1,1,1,1,5
OG0009436,1,1,1,1,1,5
OG0009438,1,1,1,1,1,5
OG0009439,1,1,1,1,1,5
OG0009440,1,1,1,1,1,5
OG0009442,1,1,1,1,1,5
OG0009444,1,1,1,1,1,5
OG0009445,1,1,1,1,1,5
OG0009448,1,1,1,1,1,5
OG0009450,1,1,1,1,1,5
OG0009452,1,1,1,1,1,5
OG0009453,1,1,1,1,1,5
OG0009454,1,1,1,1,1,5
OG0009455,1,1,1,1,1,5
OG0009456,1,1,1,1,1,5
OG0009458,1,1,1,1,1,5
OG0009460,1,1,1,1,1,5
OG0009461,1,1,1,1,1,5
OG0009462,1,1,1,1,1,5
OG0009464,1,1,1,1,1,5
OG0009466,1,1,1,1,1,5
OG0009469,1,1,1,1,1,5
OG0009470,1,1,1,1,1,5
OG0009473,1,1,1,1,1,5
OG0009475,1,1,1,1,1,5
OG0009476,1,1,1,1,1,5
OG0009482,1,1,1,1,1,5
OG0009485,1,1,1,1,1,5
OG0009487,1,1,1,1,1,5
OG0009490,1,1,1,1,1,5
OG0009492,1,1,1,1,1,5
OG0009493,1,1,1,1,1,5
OG0009494,1,1,1,1,1,5
OG0009495,1,1,1,1,1,5
OG0009496,1,1,1,1,1,5
OG0009497,1,1,1,1,1,5
OG0009498,1,1,1,1,1,5
OG0009500,1,1,1,1,1,5
OG0009501,1,1,1,1,1,5
OG0009502,1,1,1,1,1,5
OG0009504,1,1,1,1,1,5
OG0009508,1,1,1,1,1,5
OG0009510,1,1,1,1,1,5
OG0009521,1,1,1,1,1,5
OG0009525,1,1,1,1,1,5
OG0009527,1,1,1,1,1,5
OG0009532,1,1,1,1,1,5
OG0009533,1,1,1,1,1,5
OG0009535,1,1,1,1,1,5
OG0009537,1,1,1,1,1,5
OG0009539,1,1,1,1,1,5
OG0009540,1,1,1,1,1,5
OG0009541,1,1,1,1,1,5
OG0009542,1,1,1,1,1,5
OG0009543,1,1,1,1,1,5
OG0009544,1,1,1,1,1,5
OG0009545,1,1,1,1,1,5
OG0009546,1,1,1,1,1,5
OG0009547,1,1,1,1,1,5
OG0009548,1,1,1,1,1,5
OG0009549,1,1,1,1,1,5
OG0009553,1,1,1,1,1,5
OG0009554,1,1,1,1,1,5
OG0009555,1,1,1,1,1,5
OG0009556,1,1,1,1,1,5
OG0009559,1,1,1,1,1,5
OG0009560,1,1,1,1,1,5
OG0009562,1,1,1,1,1,5
OG0009563,1,1,1,1,1,5
OG0009564,1,1,1,1,1,5
OG0009565,1,1,1,1,1,5
OG0009567,1,1,1,1,1,5
OG0009574,1,1,1,1,1,5
OG0009578,1,1,1,1,1,5
OG0009579,1,1,1,1,1,5
OG0009580,1,1,1,1,1,5
OG0009581,1,1,1,1,1,5
OG0009583,1,1,1,1,1,5
OG0009584,1,1,1,1,1,5
OG0009586,1,1,1,1,1,5
OG0009587,1,1,1,1,1,5
OG0009589,1,1,1,1,1,5
OG0009591,1,1,1,1,1,5
OG0009592,1,1,1,1,1,5
OG0009594,1,1,1,1,1,5
OG0009597,1,1,1,1,1,5
OG0009598,1,1,1,1,1,5
OG0009602,1,1,1,1,1,5
OG0009604,1,1,1,1,1,5
OG0009605,1,1,1,1,1,5
OG0009608,1,1,1,1,1,5
OG0009616,1,1,1,1,1,5
OG0009617,1,1,1,1,1,5
OG0009618,1,1,1,1,1,5
OG0009622,1,1,1,1,1,5
OG0009624,1,1,1,1,1,5
OG0009625,1,1,1,1,1,5
OG0009626,1,1,1,1,1,5
OG0009629,1,1,1,1,1,5
OG0009630,1,1,1,1,1,5
OG0009631,1,1,1,1,1,5
OG0009634,1,1,1,1,1,5
OG0009635,1,1,1,1,1,5
OG0009636,1,1,1,1,1,5
OG0009639,1,1,1,1,1,5
OG0009640,1,1,1,1,1,5
OG0009642,1,1,1,1,1,5
OG0009643,1,1,1,1,1,5
OG0009644,1,1,1,1,1,5
OG0009645,1,1,1,1,1,5
OG0009647,1,1,1,1,1,5
OG0009648,1,1,1,1,1,5
OG0009649,1,1,1,1,1,5
OG0009650,1,1,1,1,1,5
OG0009652,1,1,1,1,1,5
OG0009654,1,1,1,1,1,5
OG0009658,1,1,1,1,1,5
OG0009659,1,1,1,1,1,5
OG0009663,1,1,1,1,1,5
OG0009664,1,1,1,1,1,5
OG0009665,1,1,1,1,1,5
OG0009668,1,1,1,1,1,5
OG0009669,1,1,1,1,1,5
OG0009670,1,1,1,1,1,5
OG0009671,1,1,1,1,1,5
OG0009673,1,1,1,1,1,5
OG0009674,1,1,1,1,1,5
OG0009676,1,1,1,1,1,5
OG0009678,1,1,1,1,1,5
OG0009680,1,1,1,1,1,5
OG0009681,1,1,1,1,1,5
OG0009682,1,1,1,1,1,5
OG0009683,1,1,1,1,1,5
OG0009686,1,1,1,1,1,5
OG0009687,1,1,1,1,1,5
OG0009690,1,1,1,1,1,5
OG0009692,1,1,1,1,1,5
OG0009693,1,1,1,1,1,5
OG0009694,1,1,1,1,1,5
OG0009695,1,1,1,1,1,5
OG0009696,1,1,1,1,1,5
OG0009697,1,1,1,1,1,5
OG0009698,1,1,1,1,1,5
OG0009701,1,1,1,1,1,5
OG0009703,1,1,1,1,1,5
OG0009705,1,1,1,1,1,5
OG0009706,1,1,1,1,1,5
OG0009707,1,1,1,1,1,5
OG0009708,1,1,1,1,1,5
OG0009710,1,1,1,1,1,5
OG0009712,1,1,1,1,1,5
OG0009714,1,1,1,1,1,5
OG0009716,1,1,1,1,1,5
OG0009719,1,1,1,1,1,5
OG0009720,1,1,1,1,1,5
OG0009721,1,1,1,1,1,5
OG0009722,1,1,1,1,1,5
OG0009723,1,1,1,1,1,5
OG0009724,1,1,1,1,1,5
OG0009725,1,1,1,1,1,5
OG0009727,1,1,1,1,1,5
OG0009728,1,1,1,1,1,5
OG0009730,1,1,1,1,1,5
OG0009731,1,1,1,1,1,5
OG0009738,1,1,1,1,1,5
OG0009739,1,1,1,1,1,5
OG0009742,1,1,1,1,1,5
OG0009744,1,1,1,1,1,5
OG0009745,1,1,1,1,1,5
OG0009749,1,1,1,1,1,5
OG0009750,1,1,1,1,1,5
OG0009753,1,1,1,1,1,5
OG0009754,1,1,1,1,1,5
OG0009755,1,1,1,1,1,5
OG0009758,1,1,1,1,1,5
OG0009759,1,1,1,1,1,5
OG0009760,1,1,1,1,1,5
OG0009761,1,1,1,1,1,5
OG0009764,1,1,1,1,1,5
OG0009765,1,1,1,1,1,5
OG0009768,1,1,1,1,1,5
OG0009769,1,1,1,1,1,5
OG0009770,1,1,1,1,1,5
OG0009775,1,1,1,1,1,5
OG0009776,1,1,1,1,1,5
OG0009777,1,1,1,1,1,5
OG0009781,1,1,1,1,1,5
OG0009782,1,1,1,1,1,5
OG0009784,1,1,1,1,1,5
OG0009786,1,1,1,1,1,5
OG0009788,1,1,1,1,1,5
OG0009789,1,1,1,1,1,5
OG0009792,1,1,1,1,1,5
OG0009795,1,1,1,1,1,5
OG0009797,1,1,1,1,1,5
OG0009800,1,1,1,1,1,5
OG0009802,1,1,1,1,1,5
OG0009806,1,1,1,1,1,5
OG0009807,1,1,1,1,1,5
OG0009808,1,1,1,1,1,5
OG0009809,1,1,1,1,1,5
OG0009811,1,1,1,1,1,5
OG0009812,1,1,1,1,1,5
OG0009814,1,1,1,1,1,5
OG0009817,1,1,1,1,1,5
OG0009818,1,1,1,1,1,5
OG0009821,1,1,1,1,1,5
OG0009822,1,1,1,1,1,5
OG0009825,1,1,1,1,1,5
OG0009827,1,1,1,1,1,5
OG0009828,1,1,1,1,1,5
OG0009829,1,1,1,1,1,5
OG0009832,1,1,1,1,1,5
OG0009834,1,1,1,1,1,5
OG0009835,1,1,1,1,1,5
OG0009836,1,1,1,1,1,5
OG0009837,1,1,1,1,1,5
OG0009839,1,1,1,1,1,5
OG0009840,1,1,1,1,1,5
OG0009841,1,1,1,1,1,5
OG0009842,1,1,1,1,1,5
OG0009844,1,1,1,1,1,5
OG0009845,1,1,1,1,1,5
OG0009846,1,1,1,1,1,5
OG0009847,1,1,1,1,1,5
OG0009852,1,1,1,1,1,5
OG0009854,1,1,1,1,1,5
OG0009856,1,1,1,1,1,5
OG0009858,1,1,1,1,1,5
OG0009859,1,1,1,1,1,5
OG0009860,1,1,1,1,1,5
OG0009861,1,1,1,1,1,5
OG0009866,1,1,1,1,1,5
OG0009869,1,1,1,1,1,5
OG0009870,1,1,1,1,1,5
OG0009872,1,1,1,1,1,5
OG0009873,1,1,1,1,1,5
OG0009874,1,1,1,1,1,5
OG0009876,1,1,1,1,1,5
OG0009879,1,1,1,1,1,5
OG0009880,1,1,1,1,1,5
OG0009881,1,1,1,1,1,5
OG0009883,1,1,1,1,1,5
OG0009885,1,1,1,1,1,5
OG0009887,1,1,1,1,1,5
OG0009888,1,1,1,1,1,5
OG0009890,1,1,1,1,1,5
OG0009892,1,1,1,1,1,5
OG0009893,1,1,1,1,1,5
OG0009894,1,1,1,1,1,5
OG0009895,1,1,1,1,1,5
OG0009896,1,1,1,1,1,5
OG0009899,1,1,1,1,1,5
OG0009900,1,1,1,1,1,5
OG0009901,1,1,1,1,1,5
OG0009904,1,1,1,1,1,5
OG0009906,1,1,1,1,1,5
OG0009909,1,1,1,1,1,5
OG0009910,1,1,1,1,1,5
OG0009911,1,1,1,1,1,5
OG0009912,1,1,1,1,1,5
OG0009913,1,1,1,1,1,5
OG0009916,1,1,1,1,1,5
OG0009917,1,1,1,1,1,5
OG0009919,1,1,1,1,1,5
OG0009920,1,1,1,1,1,5
OG0009922,1,1,1,1,1,5
OG0009923,1,1,1,1,1,5
OG0009924,1,1,1,1,1,5
OG0009925,1,1,1,1,1,5
OG0009928,1,1,1,1,1,5
OG0009930,1,1,1,1,1,5
OG0009931,1,1,1,1,1,5
OG0009932,1,1,1,1,1,5
OG0009933,1,1,1,1,1,5
OG0009934,1,1,1,1,1,5
OG0009936,1,1,1,1,1,5
OG0009938,1,1,1,1,1,5
OG0009939,1,1,1,1,1,5
OG0009940,1,1,1,1,1,5
OG0009941,1,1,1,1,1,5
OG0009942,1,1,1,1,1,5
OG0009943,1,1,1,1,1,5
OG0009944,1,1,1,1,1,5
OG0009946,1,1,1,1,1,5
OG0009947,1,1,1,1,1,5
OG0009949,1,1,1,1,1,5
OG0009952,1,1,1,1,1,5
OG0009953,1,1,1,1,1,5
OG0009962,1,1,1,1,1,5
OG0009963,1,1,1,1,1,5
OG0009964,1,1,1,1,1,5
OG0009965,1,1,1,1,1,5
OG0009966,1,1,1,1,1,5
OG0009972,1,1,1,1,1,5
OG0009975,1,1,1,1,1,5
OG0009976,1,1,1,1,1,5
OG0009977,1,1,1,1,1,5
OG0009978,1,1,1,1,1,5
OG0009981,1,1,1,1,1,5
OG0009982,1,1,1,1,1,5
OG0009983,1,1,1,1,1,5
OG0009984,1,1,1,1,1,5
OG0009985,1,1,1,1,1,5
OG0009986,1,1,1,1,1,5
OG0009987,1,1,1,1,1,5
OG0009988,1,1,1,1,1,5
OG0009990,1,1,1,1,1,5
OG0009993,1,1,1,1,1,5
OG0009994,1,1,1,1,1,5
OG0009995,1,1,1,1,1,5
OG0009996,1,1,1,1,1,5
OG0009997,1,1,1,1,1,5
OG0009998,1,1,1,1,1,5
OG0010000,1,1,1,1,1,5
OG0010003,1,1,1,1,1,5
OG0010004,1,1,1,1,1,5
OG0010005,1,1,1,1,1,5
OG0010006,1,1,1,1,1,5
OG0010008,1,1,1,1,1,5
OG0010010,1,1,1,1,1,5
OG0010011,1,1,1,1,1,5
OG0010012,1,1,1,1,1,5
OG0010013,1,1,1,1,1,5
OG0010016,1,1,1,1,1,5
OG0010017,1,1,1,1,1,5
OG0010018,1,1,1,1,1,5
OG0010019,1,1,1,1,1,5
OG0010020,1,1,1,1,1,5
OG0010021,1,1,1,1,1,5
OG0010022,1,1,1,1,1,5
OG0010024,1,1,1,1,1,5
OG0010025,1,1,1,1,1,5
OG0010026,1,1,1,1,1,5
OG0010027,1,1,1,1,1,5
OG0010029,1,1,1,1,1,5
OG0010031,1,1,1,1,1,5
OG0010032,1,1,1,1,1,5
OG0010033,1,1,1,1,1,5
OG0010034,1,1,1,1,1,5
OG0010035,1,1,1,1,1,5
OG0010036,1,1,1,1,1,5
OG0010038,1,1,1,1,1,5
OG0010039,1,1,1,1,1,5
OG0010040,1,1,1,1,1,5
OG0010043,1,1,1,1,1,5
OG0010044,1,1,1,1,1,5
OG0010045,1,1,1,1,1,5
OG0010046,1,1,1,1,1,5
OG0010047,1,1,1,1,1,5
OG0010049,1,1,1,1,1,5
OG0010050,1,1,1,1,1,5
OG0010051,1,1,1,1,1,5
OG0010052,1,1,1,1,1,5
OG0010053,1,1,1,1,1,5
OG0010054,1,1,1,1,1,5
OG0010055,1,1,1,1,1,5
OG0010056,1,1,1,1,1,5
OG0010057,1,1,1,1,1,5
OG0010058,1,1,1,1,1,5
OG0010059,1,1,1,1,1,5
OG0010060,1,1,1,1,1,5
OG0010061,1,1,1,1,1,5
OG0010062,1,1,1,1,1,5
OG0010063,1,1,1,1,1,5
OG0010066,1,1,1,1,1,5
OG0010067,1,1,1,1,1,5
OG0010071,1,1,1,1,1,5
OG0010072,1,1,1,1,1,5
OG0010075,1,1,1,1,1,5
OG0010078,1,1,1,1,1,5
OG0010079,1,1,1,1,1,5
OG0010080,1,1,1,1,1,5
OG0010081,1,1,1,1,1,5
OG0010082,1,1,1,1,1,5
OG0010083,1,1,1,1,1,5
OG0010085,1,1,1,1,1,5
OG0010086,1,1,1,1,1,5
OG0010089,1,1,1,1,1,5
OG0010090,1,1,1,1,1,5
OG0010092,1,1,1,1,1,5
OG0010094,1,1,1,1,1,5
OG0010096,1,1,1,1,1,5
OG0010097,1,1,1,1,1,5
OG0010099,1,1,1,1,1,5
OG0010100,1,1,1,1,1,5
OG0010101,1,1,1,1,1,5
OG0010102,1,1,1,1,1,5
OG0010103,1,1,1,1,1,5
OG0010104,1,1,1,1,1,5
OG0010105,1,1,1,1,1,5
OG0010106,1,1,1,1,1,5
OG0010108,1,1,1,1,1,5
OG0010109,1,1,1,1,1,5
OG0010110,1,1,1,1,1,5
OG0010111,1,1,1,1,1,5
OG0010112,1,1,1,1,1,5
OG0010114,1,1,1,1,1,5
OG0010115,1,1,1,1,1,5
OG0010117,1,1,1,1,1,5
OG0010118,1,1,1,1,1,5
OG0010119,1,1,1,1,1,5
OG0010120,1,1,1,1,1,5
OG0010121,1,1,1,1,1,5
OG0010124,1,1,1,1,1,5
OG0010125,1,1,1,1,1,5
OG0010127,1,1,1,1,1,5
OG0010128,1,1,1,1,1,5
OG0010129,1,1,1,1,1,5
OG0010131,1,1,1,1,1,5
OG0010132,1,1,1,1,1,5
OG0010133,1,1,1,1,1,5
OG0010134,1,1,1,1,1,5
OG0010135,1,1,1,1,1,5
OG0010137,1,1,1,1,1,5
OG0010138,1,1,1,1,1,5
OG0010139,1,1,1,1,1,5
OG0010140,1,1,1,1,1,5
OG0010142,1,1,1,1,1,5
OG0010146,1,1,1,1,1,5
OG0010147,1,1,1,1,1,5
OG0010148,1,1,1,1,1,5
OG0010151,1,1,1,1,1,5
OG0010152,1,1,1,1,1,5
OG0010153,1,1,1,1,1,5
OG0010155,1,1,1,1,1,5
OG0010156,1,1,1,1,1,5
OG0010159,1,1,1,1,1,5
OG0010160,1,1,1,1,1,5
OG0010161,1,1,1,1,1,5
OG0010162,1,1,1,1,1,5
OG0010163,1,1,1,1,1,5
OG0010164,1,1,1,1,1,5
OG0010165,1,1,1,1,1,5
OG0010169,1,1,1,1,1,5
OG0010172,1,1,1,1,1,5
OG0010174,1,1,1,1,1,5
OG0010175,1,1,1,1,1,5
OG0010176,1,1,1,1,1,5
OG0010177,1,1,1,1,1,5
OG0010178,1,1,1,1,1,5
OG0010179,1,1,1,1,1,5
OG0010181,1,1,1,1,1,5
OG0010183,1,1,1,1,1,5
OG0010184,1,1,1,1,1,5
OG0010186,1,1,1,1,1,5
OG0010187,1,1,1,1,1,5
OG0010188,1,1,1,1,1,5
OG0010189,1,1,1,1,1,5
OG0010190,1,1,1,1,1,5
OG0010192,1,1,1,1,1,5
OG0010193,1,1,1,1,1,5
OG0010195,1,1,1,1,1,5
OG0010196,1,1,1,1,1,5
OG0010197,1,1,1,1,1,5
OG0010198,1,1,1,1,1,5
OG0010199,1,1,1,1,1,5
OG0010201,1,1,1,1,1,5
OG0010202,1,1,1,1,1,5
OG0010203,1,1,1,1,1,5
OG0010204,1,1,1,1,1,5
OG0010205,1,1,1,1,1,5
OG0010208,1,1,1,1,1,5
OG0010209,1,1,1,1,1,5
OG0010211,1,1,1,1,1,5
OG0010212,1,1,1,1,1,5
OG0010214,1,1,1,1,1,5
OG0010216,1,1,1,1,1,5
OG0010221,1,1,1,1,1,5
OG0010222,1,1,1,1,1,5
OG0010223,1,1,1,1,1,5
OG0010224,1,1,1,1,1,5
OG0010225,1,1,1,1,1,5
OG0010226,1,1,1,1,1,5
OG0010227,1,1,1,1,1,5
OG0010229,1,1,1,1,1,5
OG0010230,1,1,1,1,1,5
OG0010232,1,1,1,1,1,5
OG0010233,1,1,1,1,1,5
OG0010234,1,1,1,1,1,5
OG0010235,1,1,1,1,1,5
OG0010236,1,1,1,1,1,5
OG0010237,1,1,1,1,1,5
OG0010239,1,1,1,1,1,5
OG0010241,1,1,1,1,1,5
OG0010242,1,1,1,1,1,5
OG0010243,1,1,1,1,1,5
OG0010244,1,1,1,1,1,5
OG0010245,1,1,1,1,1,5
OG0010246,1,1,1,1,1,5
OG0010247,1,1,1,1,1,5
OG0010248,1,1,1,1,1,5
OG0010250,1,1,1,1,1,5
OG0010251,1,1,1,1,1,5
OG0010252,1,1,1,1,1,5
OG0010254,1,1,1,1,1,5
OG0010255,1,1,1,1,1,5
OG0010256,1,1,1,1,1,5
OG0010257,1,1,1,1,1,5
OG0010258,1,1,1,1,1,5
OG0010260,1,1,1,1,1,5
OG0010261,1,1,1,1,1,5
OG0010262,1,1,1,1,1,5
OG0010263,1,1,1,1,1,5
OG0010264,1,1,1,1,1,5
OG0010265,1,1,1,1,1,5
OG0010266,1,1,1,1,1,5
OG0010267,1,1,1,1,1,5
OG0010268,1,1,1,1,1,5
OG0010270,1,1,1,1,1,5
OG0010271,1,1,1,1,1,5
OG0010275,1,1,1,1,1,5
OG0010276,1,1,1,1,1,5
OG0010277,1,1,1,1,1,5
OG0010279,1,1,1,1,1,5
OG0010282,1,1,1,1,1,5
OG0010283,1,1,1,1,1,5
OG0010284,1,1,1,1,1,5
OG0010288,1,1,1,1,1,5
OG0010290,1,1,1,1,1,5
OG0010291,1,1,1,1,1,5
OG0010297,1,1,1,1,1,5
OG0010298,1,1,1,1,1,5
OG0010299,1,1,1,1,1,5
OG0010300,1,1,1,1,1,5
OG0010301,1,1,1,1,1,5
OG0010304,1,1,1,1,1,5
OG0010305,1,1,1,1,1,5
OG0010306,1,1,1,1,1,5
OG0010307,1,1,1,1,1,5
OG0010308,1,1,1,1,1,5
OG0010312,1,1,1,1,1,5
OG0010314,1,1,1,1,1,5
OG0010315,1,1,1,1,1,5
OG0010317,1,1,1,1,1,5
OG0010320,1,1,1,1,1,5
OG0010321,1,1,1,1,1,5
OG0010322,1,1,1,1,1,5
OG0010323,1,1,1,1,1,5
OG0010324,1,1,1,1,1,5
OG0010325,1,1,1,1,1,5
OG0010326,1,1,1,1,1,5
OG0010327,1,1,1,1,1,5
OG0010328,1,1,1,1,1,5
OG0010329,1,1,1,1,1,5
OG0010330,1,1,1,1,1,5
OG0010331,1,1,1,1,1,5
OG0010332,1,1,1,1,1,5
OG0010334,1,1,1,1,1,5
OG0010335,1,1,1,1,1,5
OG0010336,1,1,1,1,1,5
OG0010337,1,1,1,1,1,5
OG0010338,1,1,1,1,1,5
OG0010339,1,1,1,1,1,5
OG0010341,1,1,1,1,1,5
OG0010344,1,1,1,1,1,5
OG0010345,1,1,1,1,1,5
OG0010347,1,1,1,1,1,5
OG0010350,1,1,1,1,1,5
OG0010351,1,1,1,1,1,5
OG0010352,1,1,1,1,1,5
OG0010353,1,1,1,1,1,5
OG0010355,1,1,1,1,1,5
OG0010356,1,1,1,1,1,5
OG0010358,1,1,1,1,1,5
OG0010359,1,1,1,1,1,5
OG0010360,1,1,1,1,1,5
OG0010364,1,1,1,1,1,5
OG0010365,1,1,1,1,1,5
OG0010370,1,1,1,1,1,5
OG0010371,1,1,1,1,1,5
OG0010374,1,1,1,1,1,5
OG0010375,1,1,1,1,1,5
OG0010376,1,1,1,1,1,5
OG0010377,1,1,1,1,1,5
OG0010378,1,1,1,1,1,5
OG0010379,1,1,1,1,1,5
OG0010380,1,1,1,1,1,5
OG0010381,1,1,1,1,1,5
OG0010383,1,1,1,1,1,5
OG0010384,1,1,1,1,1,5
OG0010385,1,1,1,1,1,5
OG0010386,1,1,1,1,1,5
OG0010387,1,1,1,1,1,5
OG0010390,1,1,1,1,1,5
OG0010392,1,1,1,1,1,5
OG0010393,1,1,1,1,1,5
OG0010395,1,1,1,1,1,5
OG0010396,1,1,1,1,1,5
OG0010397,1,1,1,1,1,5
OG0010398,1,1,1,1,1,5
OG0010400,1,1,1,1,1,5
OG0010401,1,1,1,1,1,5
OG0010407,1,1,1,1,1,5
OG0010410,1,1,1,1,1,5
OG0010413,1,1,1,1,1,5
OG0010414,1,1,1,1,1,5
OG0010415,1,1,1,1,1,5
OG0010416,1,1,1,1,1,5
OG0010417,1,1,1,1,1,5
OG0010420,1,1,1,1,1,5
OG0010421,1,1,1,1,1,5
OG0010424,1,1,1,1,1,5
OG0010425,1,1,1,1,1,5
OG0010426,1,1,1,1,1,5
OG0010427,1,1,1,1,1,5
OG0010428,1,1,1,1,1,5
OG0010431,1,1,1,1,1,5
OG0010432,1,1,1,1,1,5
OG0010433,1,1,1,1,1,5
OG0010434,1,1,1,1,1,5
OG0010435,1,1,1,1,1,5
OG0010436,1,1,1,1,1,5
OG0010437,1,1,1,1,1,5
OG0010438,1,1,1,1,1,5
OG0010439,1,1,1,1,1,5
OG0010440,1,1,1,1,1,5
OG0010441,1,1,1,1,1,5
OG0010443,1,1,1,1,1,5
OG0010445,1,1,1,1,1,5
OG0010447,1,1,1,1,1,5
OG0010448,1,1,1,1,1,5
OG0010449,1,1,1,1,1,5
OG0010452,1,1,1,1,1,5
OG0010453,1,1,1,1,1,5
OG0010454,1,1,1,1,1,5
OG0010456,1,1,1,1,1,5
OG0010457,1,1,1,1,1,5
OG0010458,1,1,1,1,1,5
OG0010459,1,1,1,1,1,5
OG0010460,1,1,1,1,1,5
OG0010461,1,1,1,1,1,5
OG0010464,1,1,1,1,1,5
OG0010465,1,1,1,1,1,5
OG0010466,1,1,1,1,1,5
OG0010467,1,1,1,1,1,5
OG0010469,1,1,1,1,1,5
OG0010470,1,1,1,1,1,5
OG0010471,1,1,1,1,1,5
OG0010472,1,1,1,1,1,5
OG0010473,1,1,1,1,1,5
OG0010474,1,1,1,1,1,5
OG0010475,1,1,1,1,1,5
OG0010476,1,1,1,1,1,5
OG0010477,1,1,1,1,1,5
OG0010480,1,1,1,1,1,5
OG0010481,1,1,1,1,1,5
OG0010482,1,1,1,1,1,5
OG0010485,1,1,1,1,1,5
OG0010488,1,1,1,1,1,5
OG0010492,1,1,1,1,1,5
OG0010493,1,1,1,1,1,5
OG0010494,1,1,1,1,1,5
OG0010495,1,1,1,1,1,5
OG0010496,1,1,1,1,1,5
OG0010497,1,1,1,1,1,5
OG0010499,1,1,1,1,1,5
OG0010501,1,1,1,1,1,5
OG0010502,1,1,1,1,1,5
OG0010503,1,1,1,1,1,5
OG0010505,1,1,1,1,1,5
OG0010506,1,1,1,1,1,5
OG0010507,1,1,1,1,1,5
OG0010508,1,1,1,1,1,5
OG0010509,1,1,1,1,1,5
OG0010512,1,1,1,1,1,5
OG0010514,1,1,1,1,1,5
OG0010517,1,1,1,1,1,5
OG0010519,1,1,1,1,1,5
OG0010520,1,1,1,1,1,5
OG0010522,1,1,1,1,1,5
OG0010523,1,1,1,1,1,5
OG0010524,1,1,1,1,1,5
OG0010528,1,1,1,1,1,5
OG0010530,1,1,1,1,1,5
OG0010533,1,1,1,1,1,5
OG0010534,1,1,1,1,1,5
OG0010535,1,1,1,1,1,5
OG0010536,1,1,1,1,1,5
OG0010538,1,1,1,1,1,5
OG0010540,1,1,1,1,1,5
OG0010543,1,1,1,1,1,5
OG0010544,1,1,1,1,1,5
OG0010546,1,1,1,1,1,5
OG0010547,1,1,1,1,1,5
OG0010548,1,1,1,1,1,5
OG0010549,1,1,1,1,1,5
OG0010550,1,1,1,1,1,5
OG0010551,1,1,1,1,1,5
OG0010552,1,1,1,1,1,5
OG0010553,1,1,1,1,1,5
OG0010555,1,1,1,1,1,5
OG0010557,1,1,1,1,1,5
OG0010558,1,1,1,1,1,5
OG0010559,1,1,1,1,1,5
OG0010561,1,1,1,1,1,5
OG0010563,1,1,1,1,1,5
OG0010564,1,1,1,1,1,5
OG0010565,1,1,1,1,1,5
OG0010566,1,1,1,1,1,5
OG0010567,1,1,1,1,1,5
OG0010568,1,1,1,1,1,5
OG0010570,1,1,1,1,1,5
OG0010575,1,1,1,1,1,5
OG0010577,1,1,1,1,1,5
OG0010580,1,1,1,1,1,5
OG0010585,1,1,1,1,1,5
OG0010586,1,1,1,1,1,5
OG0010589,1,1,1,1,1,5
OG0010590,1,1,1,1,1,5
OG0010594,1,1,1,1,1,5
OG0010595,1,1,1,1,1,5
OG0010598,1,1,1,1,1,5
OG0010599,1,1,1,1,1,5
OG0010602,1,1,1,1,1,5
OG0010603,1,1,1,1,1,5
OG0010604,1,1,1,1,1,5
OG0010605,1,1,1,1,1,5
OG0010607,1,1,1,1,1,5
OG0010608,1,1,1,1,1,5
OG0010611,1,1,1,1,1,5
OG0010612,1,1,1,1,1,5
OG0010613,1,1,1,1,1,5
OG0010614,1,1,1,1,1,5
OG0010615,1,1,1,1,1,5
OG0010617,1,1,1,1,1,5
OG0010621,1,1,1,1,1,5
OG0010625,1,1,1,1,1,5
OG0010626,1,1,1,1,1,5
OG0010627,1,1,1,1,1,5
OG0010628,1,1,1,1,1,5
OG0010630,1,1,1,1,1,5
OG0010631,1,1,1,1,1,5
OG0010632,1,1,1,1,1,5
OG0010633,1,1,1,1,1,5
OG0010636,1,1,1,1,1,5
OG0010637,1,1,1,1,1,5
OG0010638,1,1,1,1,1,5
OG0010640,1,1,1,1,1,5
OG0010643,1,1,1,1,1,5
OG0010644,1,1,1,1,1,5
OG0010649,1,1,1,1,1,5
OG0010652,1,1,1,1,1,5
OG0010653,1,1,1,1,1,5
OG0010654,1,1,1,1,1,5
OG0010657,1,1,1,1,1,5
OG0010659,1,1,1,1,1,5
OG0010663,1,1,1,1,1,5
OG0010665,1,1,1,1,1,5
OG0010666,1,1,1,1,1,5
OG0010667,1,1,1,1,1,5
OG0010669,1,1,1,1,1,5
OG0010670,1,1,1,1,1,5
OG0010676,1,1,1,1,1,5
OG0010677,1,1,1,1,1,5
OG0010680,1,1,1,1,1,5
OG0010681,1,1,1,1,1,5
OG0010682,1,1,1,1,1,5
OG0010685,1,1,1,1,1,5
OG0010686,1,1,1,1,1,5
OG0010687,1,1,1,1,1,5
OG0010688,1,1,1,1,1,5
OG0010691,1,1,1,1,1,5
OG0010692,1,1,1,1,1,5
OG0010696,1,1,1,1,1,5
OG0010697,1,1,1,1,1,5
OG0010700,1,1,1,1,1,5
OG0010701,1,1,1,1,1,5
OG0010702,1,1,1,1,1,5
OG0010704,1,1,1,1,1,5
OG0010705,1,1,1,1,1,5
OG0010707,1,1,1,1,1,5
OG0010709,1,1,1,1,1,5
OG0010710,1,1,1,1,1,5
OG0010711,1,1,1,1,1,5
OG0010712,1,1,1,1,1,5
OG0010717,1,1,1,1,1,5
OG0010718,1,1,1,1,1,5
OG0010719,1,1,1,1,1,5
OG0010721,1,1,1,1,1,5
OG0010723,1,1,1,1,1,5
OG0010727,1,1,1,1,1,5
OG0010729,1,1,1,1,1,5
OG0010734,1,1,1,1,1,5
OG0010737,1,1,1,1,1,5
OG0010738,1,1,1,1,1,5
OG0010740,1,1,1,1,1,5
OG0010742,1,1,1,1,1,5
OG0010748,1,1,1,1,1,5
OG0010749,1,1,1,1,1,5
OG0010750,1,1,1,1,1,5
OG0010751,1,1,1,1,1,5
OG0010753,1,1,1,1,1,5
OG0010754,1,1,1,1,1,5
OG0010756,1,1,1,1,1,5
OG0010757,1,1,1,1,1,5
OG0010758,1,1,1,1,1,5
OG0010760,1,1,1,1,1,5
OG0010761,1,1,1,1,1,5
OG0010762,1,1,1,1,1,5
OG0010763,1,1,1,1,1,5
OG0010764,1,1,1,1,1,5
OG0010765,1,1,1,1,1,5
OG0010766,1,1,1,1,1,5
OG0010767,1,1,1,1,1,5
OG0010769,1,1,1,1,1,5
OG0010770,1,1,1,1,1,5
OG0010771,1,1,1,1,1,5
OG0010772,1,1,1,1,1,5
OG0010773,1,1,1,1,1,5
OG0010775,1,1,1,1,1,5
OG0010776,1,1,1,1,1,5
OG0010778,1,1,1,1,1,5
OG0010780,1,1,1,1,1,5
OG0010781,1,1,1,1,1,5
OG0010783,1,1,1,1,1,5
OG0010785,1,1,1,1,1,5
OG0010789,1,1,1,1,1,5
OG0010794,1,1,1,1,1,5
OG0010796,1,1,1,1,1,5
OG0010799,1,1,1,1,1,5
OG0010801,1,1,1,1,1,5
OG0010802,1,1,1,1,1,5
OG0010804,1,1,1,1,1,5
OG0010805,1,1,1,1,1,5
OG0010806,1,1,1,1,1,5
OG0010811,1,1,1,1,1,5
OG0010812,1,1,1,1,1,5
OG0010813,1,1,1,1,1,5
OG0010814,1,1,1,1,1,5
OG0010816,1,1,1,1,1,5
OG0010817,1,1,1,1,1,5
OG0010818,1,1,1,1,1,5
OG0010823,1,1,1,1,1,5
OG0010824,1,1,1,1,1,5
OG0010825,1,1,1,1,1,5
OG0010827,1,1,1,1,1,5
OG0010828,1,1,1,1,1,5
OG0010829,1,1,1,1,1,5
OG0010830,1,1,1,1,1,5
OG0010831,1,1,1,1,1,5
OG0010832,1,1,1,1,1,5
OG0010833,1,1,1,1,1,5
OG0010836,1,1,1,1,1,5
OG0010837,1,1,1,1,1,5
OG0010838,1,1,1,1,1,5
OG0010839,1,1,1,1,1,5
OG0010840,1,1,1,1,1,5
OG0010841,1,1,1,1,1,5
OG0010842,1,1,1,1,1,5
OG0010844,1,1,1,1,1,5
OG0010846,1,1,1,1,1,5
OG0010847,1,1,1,1,1,5
OG0010849,1,1,1,1,1,5
OG0010850,1,1,1,1,1,5
OG0010851,1,1,1,1,1,5
OG0010852,1,1,1,1,1,5
OG0010853,1,1,1,1,1,5
OG0010854,1,1,1,1,1,5
OG0010855,1,1,1,1,1,5
OG0010856,1,1,1,1,1,5
OG0010857,1,1,1,1,1,5
OG0010858,1,1,1,1,1,5
OG0010860,1,1,1,1,1,5
OG0010861,1,1,1,1,1,5
OG0010862,1,1,1,1,1,5
OG0010864,1,1,1,1,1,5
OG0010866,1,1,1,1,1,5
OG0010868,1,1,1,1,1,5
OG0010869,1,1,1,1,1,5
OG0010870,1,1,1,1,1,5
OG0010871,1,1,1,1,1,5
OG0010872,1,1,1,1,1,5
OG0010873,1,1,1,1,1,5
OG0010874,1,1,1,1,1,5
OG0010875,1,1,1,1,1,5
OG0010876,1,1,1,1,1,5
OG0010877,1,1,1,1,1,5
OG0010879,1,1,1,1,1,5
OG0010881,1,1,1,1,1,5
OG0010884,1,1,1,1,1,5
OG0010885,1,1,1,1,1,5
OG0010886,1,1,1,1,1,5
OG0010888,1,1,1,1,1,5
OG0010889,1,1,1,1,1,5
OG0010890,1,1,1,1,1,5
OG0010891,1,1,1,1,1,5
OG0010892,1,1,1,1,1,5
OG0010893,1,1,1,1,1,5
OG0010895,1,1,1,1,1,5
OG0010896,1,1,1,1,1,5
OG0010897,1,1,1,1,1,5
OG0010898,1,1,1,1,1,5
OG0010899,1,1,1,1,1,5
OG0010900,1,1,1,1,1,5
OG0010903,1,1,1,1,1,5
OG0010904,1,1,1,1,1,5
OG0010907,1,1,1,1,1,5
OG0010908,1,1,1,1,1,5
OG0010910,1,1,1,1,1,5
OG0010911,1,1,1,1,1,5
OG0010912,1,1,1,1,1,5
OG0010913,1,1,1,1,1,5
OG0010914,1,1,1,1,1,5
OG0010915,1,1,1,1,1,5
OG0010916,1,1,1,1,1,5
OG0010918,1,1,1,1,1,5
OG0010921,1,1,1,1,1,5
OG0010923,1,1,1,1,1,5
OG0010925,1,1,1,1,1,5
OG0010926,1,1,1,1,1,5
OG0010927,1,1,1,1,1,5
OG0010928,1,1,1,1,1,5
OG0010929,1,1,1,1,1,5
OG0010930,1,1,1,1,1,5
OG0010932,1,1,1,1,1,5
OG0010934,1,1,1,1,1,5
OG0010935,1,1,1,1,1,5
OG0010937,1,1,1,1,1,5
OG0010939,1,1,1,1,1,5
OG0010940,1,1,1,1,1,5
OG0010941,1,1,1,1,1,5
OG0010943,1,1,1,1,1,5
OG0010944,1,1,1,1,1,5
OG0010945,1,1,1,1,1,5
OG0010946,1,1,1,1,1,5
OG0010950,1,1,1,1,1,5
OG0010951,1,1,1,1,1,5
OG0010952,1,1,1,1,1,5
OG0010953,1,1,1,1,1,5
OG0010954,1,1,1,1,1,5
OG0010956,1,1,1,1,1,5
OG0010961,1,1,1,1,1,5
OG0010962,1,1,1,1,1,5
OG0010963,1,1,1,1,1,5
OG0010964,1,1,1,1,1,5
OG0010965,1,1,1,1,1,5
OG0010966,1,1,1,1,1,5
OG0010968,1,1,1,1,1,5
OG0010972,1,1,1,1,1,5
OG0010975,1,1,1,1,1,5
OG0010978,1,1,1,1,1,5
OG0010981,1,1,1,1,1,5
OG0010982,1,1,1,1,1,5
OG0010983,1,1,1,1,1,5
OG0010985,1,1,1,1,1,5
OG0010986,1,1,1,1,1,5
OG0010987,1,1,1,1,1,5
OG0010989,1,1,1,1,1,5
OG0010990,1,1,1,1,1,5
OG0010991,1,1,1,1,1,5
OG0010992,1,1,1,1,1,5
OG0010994,1,1,1,1,1,5
OG0010997,1,1,1,1,1,5
OG0010998,1,1,1,1,1,5
OG0010999,1,1,1,1,1,5
OG0011001,1,1,1,1,1,5
OG0011003,1,1,1,1,1,5
OG0011004,1,1,1,1,1,5
OG0011005,1,1,1,1,1,5
OG0011007,1,1,1,1,1,5
OG0011010,1,1,1,1,1,5
OG0011011,1,1,1,1,1,5
OG0011012,1,1,1,1,1,5
OG0011014,1,1,1,1,1,5
OG0011016,1,1,1,1,1,5
OG0011018,1,1,1,1,1,5
OG0011020,1,1,1,1,1,5
OG0011021,1,1,1,1,1,5
OG0011023,1,1,1,1,1,5
OG0011026,1,1,1,1,1,5
OG0011028,1,1,1,1,1,5
OG0011030,1,1,1,1,1,5
OG0011031,1,1,1,1,1,5
OG0011035,1,1,1,1,1,5
OG0011036,1,1,1,1,1,5
OG0011038,1,1,1,1,1,5
OG0011039,1,1,1,1,1,5
OG0011040,1,1,1,1,1,5
OG0011042,1,1,1,1,1,5
OG0011043,1,1,1,1,1,5
OG0011044,1,1,1,1,1,5
OG0011048,1,1,1,1,1,5
OG0011049,1,1,1,1,1,5
OG0011051,1,1,1,1,1,5
OG0011052,1,1,1,1,1,5
OG0011053,1,1,1,1,1,5
OG0011054,1,1,1,1,1,5
OG0011056,1,1,1,1,1,5
OG0011058,1,1,1,1,1,5
OG0011059,1,1,1,1,1,5
OG0011060,1,1,1,1,1,5
OG0011061,1,1,1,1,1,5
OG0011064,1,1,1,1,1,5
OG0011065,1,1,1,1,1,5
OG0011066,1,1,1,1,1,5
OG0011067,1,1,1,1,1,5
OG0011068,1,1,1,1,1,5
OG0011070,1,1,1,1,1,5
OG0011071,1,1,1,1,1,5
OG0011072,1,1,1,1,1,5
OG0011073,1,1,1,1,1,5
OG0011074,1,1,1,1,1,5
OG0011082,1,1,1,1,1,5
OG0011083,1,1,1,1,1,5
OG0011084,1,1,1,1,1,5
OG0011086,1,1,1,1,1,5
OG0011087,1,1,1,1,1,5
OG0011088,1,1,1,1,1,5
OG0011089,1,1,1,1,1,5
OG0011091,1,1,1,1,1,5
OG0011092,1,1,1,1,1,5
OG0011093,1,1,1,1,1,5
OG0011094,1,1,1,1,1,5
OG0011095,1,1,1,1,1,5
OG0011096,1,1,1,1,1,5
OG0011098,1,1,1,1,1,5
OG0011099,1,1,1,1,1,5
OG0011100,1,1,1,1,1,5
OG0011102,1,1,1,1,1,5
OG0011103,1,1,1,1,1,5
OG0011104,1,1,1,1,1,5
OG0011105,1,1,1,1,1,5
OG0011106,1,1,1,1,1,5
OG0011107,1,1,1,1,1,5
OG0011109,1,1,1,1,1,5
OG0011110,1,1,1,1,1,5
OG0011111,1,1,1,1,1,5
OG0011112,1,1,1,1,1,5
OG0011113,1,1,1,1,1,5
OG0011115,1,1,1,1,1,5
OG0011116,1,1,1,1,1,5
OG0011118,1,1,1,1,1,5
OG0011120,1,1,1,1,1,5
OG0011121,1,1,1,1,1,5
OG0011123,1,1,1,1,1,5
OG0011124,1,1,1,1,1,5
OG0011125,1,1,1,1,1,5
OG0011126,1,1,1,1,1,5
OG0011128,1,1,1,1,1,5
OG0011129,1,1,1,1,1,5
OG0011131,1,1,1,1,1,5
OG0011132,1,1,1,1,1,5
OG0011133,1,1,1,1,1,5
OG0011134,1,1,1,1,1,5
OG0011135,1,1,1,1,1,5
OG0011136,1,1,1,1,1,5
OG0011137,1,1,1,1,1,5
OG0011138,1,1,1,1,1,5
OG0011140,1,1,1,1,1,5
OG0011141,1,1,1,1,1,5
OG0011142,1,1,1,1,1,5
OG0011143,1,1,1,1,1,5
OG0011144,1,1,1,1,1,5
OG0011145,1,1,1,1,1,5
OG0011146,1,1,1,1,1,5
OG0011147,1,1,1,1,1,5
OG0011148,1,1,1,1,1,5
OG0011149,1,1,1,1,1,5
OG0011150,1,1,1,1,1,5
OG0011151,1,1,1,1,1,5
OG0011153,1,1,1,1,1,5
OG0011154,1,1,1,1,1,5
OG0011155,1,1,1,1,1,5
OG0011157,1,1,1,1,1,5
OG0011158,1,1,1,1,1,5
OG0011159,1,1,1,1,1,5
OG0011160,1,1,1,1,1,5
OG0011161,1,1,1,1,1,5
OG0011163,1,1,1,1,1,5
OG0011164,1,1,1,1,1,5
OG0011165,1,1,1,1,1,5
OG0011171,1,1,1,1,1,5
OG0011173,1,1,1,1,1,5
OG0011175,1,1,1,1,1,5
OG0011176,1,1,1,1,1,5
OG0011177,1,1,1,1,1,5
OG0011178,1,1,1,1,1,5
OG0011181,1,1,1,1,1,5
OG0011182,1,1,1,1,1,5
OG0011184,1,1,1,1,1,5
OG0011186,1,1,1,1,1,5
OG0011187,1,1,1,1,1,5
OG0011189,1,1,1,1,1,5
OG0011191,1,1,1,1,1,5
OG0011192,1,1,1,1,1,5
OG0011194,1,1,1,1,1,5
OG0011195,1,1,1,1,1,5
OG0011196,1,1,1,1,1,5
OG0011197,1,1,1,1,1,5
OG0011198,1,1,1,1,1,5
OG0011199,1,1,1,1,1,5
OG0011200,1,1,1,1,1,5
OG0011202,1,1,1,1,1,5
OG0011204,1,1,1,1,1,5
OG0011205,1,1,1,1,1,5
OG0011206,1,1,1,1,1,5
OG0011209,1,1,1,1,1,5
OG0011210,1,1,1,1,1,5
OG0011211,1,1,1,1,1,5
OG0011212,1,1,1,1,1,5
OG0011213,1,1,1,1,1,5
OG0011214,1,1,1,1,1,5
OG0011216,1,1,1,1,1,5
OG0011217,1,1,1,1,1,5
OG0011219,1,1,1,1,1,5
OG0011220,1,1,1,1,1,5
OG0011221,1,1,1,1,1,5
OG0011223,1,1,1,1,1,5
OG0011224,1,1,1,1,1,5
OG0011228,1,1,1,1,1,5
OG0011229,1,1,1,1,1,5
OG0011231,1,1,1,1,1,5
OG0011233,1,1,1,1,1,5
OG0011234,1,1,1,1,1,5
OG0011235,1,1,1,1,1,5
OG0011236,1,1,1,1,1,5
OG0011239,1,1,1,1,1,5
OG0011240,1,1,1,1,1,5
OG0011242,1,1,1,1,1,5
OG0011244,1,1,1,1,1,5
OG0011245,1,1,1,1,1,5
OG0011246,1,1,1,1,1,5
OG0011248,1,1,1,1,1,5
OG0011249,1,1,1,1,1,5
OG0011250,1,1,1,1,1,5
OG0011251,1,1,1,1,1,5
OG0011252,1,1,1,1,1,5
OG0011255,1,1,1,1,1,5
OG0011256,1,1,1,1,1,5
OG0011258,1,1,1,1,1,5
OG0011259,1,1,1,1,1,5
OG0011260,1,1,1,1,1,5
OG0011262,1,1,1,1,1,5
OG0011264,1,1,1,1,1,5
OG0011265,1,1,1,1,1,5
OG0011266,1,1,1,1,1,5
OG0011269,1,1,1,1,1,5
OG0011270,1,1,1,1,1,5
OG0011272,1,1,1,1,1,5
OG0011274,1,1,1,1,1,5
OG0011276,1,1,1,1,1,5
OG0011277,1,1,1,1,1,5
OG0011278,1,1,1,1,1,5
OG0011279,1,1,1,1,1,5
OG0011280,1,1,1,1,1,5
OG0011282,1,1,1,1,1,5
OG0011283,1,1,1,1,1,5
OG0011286,1,1,1,1,1,5
OG0011287,1,1,1,1,1,5
OG0011288,1,1,1,1,1,5
OG0011289,1,1,1,1,1,5
OG0011290,1,1,1,1,1,5
OG0011291,1,1,1,1,1,5
OG0011292,1,1,1,1,1,5
OG0011293,1,1,1,1,1,5
OG0011294,1,1,1,1,1,5
OG0011295,1,1,1,1,1,5
OG0011296,1,1,1,1,1,5
OG0011297,1,1,1,1,1,5
OG0011298,1,1,1,1,1,5
OG0011300,1,1,1,1,1,5
OG0011302,1,1,1,1,1,5
OG0011303,1,1,1,1,1,5
OG0011305,1,1,1,1,1,5
OG0011306,1,1,1,1,1,5
OG0011307,1,1,1,1,1,5
OG0011312,1,1,1,1,1,5
OG0011313,1,1,1,1,1,5
OG0011315,1,1,1,1,1,5
OG0011318,1,1,1,1,1,5
OG0011319,1,1,1,1,1,5
OG0011320,1,1,1,1,1,5
OG0011321,1,1,1,1,1,5
OG0011323,1,1,1,1,1,5
OG0011325,1,1,1,1,1,5
OG0011326,1,1,1,1,1,5
OG0011327,1,1,1,1,1,5
OG0011328,1,1,1,1,1,5
OG0011329,1,1,1,1,1,5
OG0011331,1,1,1,1,1,5
OG0011333,1,1,1,1,1,5
OG0011336,1,1,1,1,1,5
OG0011337,1,1,1,1,1,5
OG0011339,1,1,1,1,1,5
OG0011341,1,1,1,1,1,5
OG0011342,1,1,1,1,1,5
OG0011343,1,1,1,1,1,5
OG0011345,1,1,1,1,1,5
OG0011348,1,1,1,1,1,5
OG0011349,1,1,1,1,1,5
OG0011351,1,1,1,1,1,5
OG0011352,1,1,1,1,1,5
OG0011354,1,1,1,1,1,5
OG0011355,1,1,1,1,1,5
OG0011356,1,1,1,1,1,5
OG0011357,1,1,1,1,1,5
OG0011358,1,1,1,1,1,5
OG0011360,1,1,1,1,1,5
OG0011363,1,1,1,1,1,5
OG0011365,1,1,1,1,1,5
OG0011367,1,1,1,1,1,5
OG0011369,1,1,1,1,1,5
OG0011370,1,1,1,1,1,5
OG0011371,1,1,1,1,1,5
OG0011372,1,1,1,1,1,5
OG0011373,1,1,1,1,1,5
OG0011380,1,1,1,1,1,5
OG0011382,1,1,1,1,1,5
OG0011383,1,1,1,1,1,5
OG0011385,1,1,1,1,1,5
OG0011387,1,1,1,1,1,5
OG0011388,1,1,1,1,1,5
OG0011389,1,1,1,1,1,5
OG0011391,1,1,1,1,1,5
OG0011392,1,1,1,1,1,5
OG0011393,1,1,1,1,1,5
OG0011394,1,1,1,1,1,5
OG0011395,1,1,1,1,1,5
OG0011396,1,1,1,1,1,5
OG0011398,1,1,1,1,1,5
OG0011402,1,1,1,1,1,5
OG0011403,1,1,1,1,1,5
OG0011405,1,1,1,1,1,5
OG0011408,1,1,1,1,1,5
OG0011409,1,1,1,1,1,5
OG0011410,1,1,1,1,1,5
OG0011411,1,1,1,1,1,5
OG0011412,1,1,1,1,1,5
OG0011413,1,1,1,1,1,5
OG0011416,1,1,1,1,1,5
OG0011417,1,1,1,1,1,5
OG0011419,1,1,1,1,1,5
OG0011420,1,1,1,1,1,5
OG0011423,1,1,1,1,1,5
OG0011424,1,1,1,1,1,5
OG0011425,1,1,1,1,1,5
OG0011426,1,1,1,1,1,5
OG0011427,1,1,1,1,1,5
OG0011428,1,1,1,1,1,5
OG0011429,1,1,1,1,1,5
OG0011430,1,1,1,1,1,5
OG0011431,1,1,1,1,1,5
OG0011432,1,1,1,1,1,5
OG0011433,1,1,1,1,1,5
OG0011434,1,1,1,1,1,5
OG0011436,1,1,1,1,1,5
OG0011437,1,1,1,1,1,5
OG0011438,1,1,1,1,1,5
OG0011439,1,1,1,1,1,5
OG0011440,1,1,1,1,1,5
OG0011441,1,1,1,1,1,5
OG0011443,1,1,1,1,1,5
OG0011445,1,1,1,1,1,5
OG0011446,1,1,1,1,1,5
OG0011448,1,1,1,1,1,5
OG0011451,1,1,1,1,1,5
OG0011455,1,1,1,1,1,5
OG0011457,1,1,1,1,1,5
OG0011458,1,1,1,1,1,5
OG0011459,1,1,1,1,1,5
OG0011462,1,1,1,1,1,5
OG0011464,1,1,1,1,1,5
OG0011465,1,1,1,1,1,5
OG0011466,1,1,1,1,1,5
OG0011467,1,1,1,1,1,5
OG0011468,1,1,1,1,1,5
OG0011469,1,1,1,1,1,5
OG0011470,1,1,1,1,1,5
OG0011472,1,1,1,1,1,5
OG0011474,1,1,1,1,1,5
OG0011475,1,1,1,1,1,5
OG0011476,1,1,1,1,1,5
OG0011477,1,1,1,1,1,5
OG0011478,1,1,1,1,1,5
OG0011479,1,1,1,1,1,5
OG0011480,1,1,1,1,1,5
OG0011481,1,1,1,1,1,5
OG0011482,1,1,1,1,1,5
OG0011484,1,1,1,1,1,5
OG0011485,1,1,1,1,1,5
OG0011486,1,1,1,1,1,5
OG0011487,1,1,1,1,1,5
OG0011488,1,1,1,1,1,5
OG0011489,1,1,1,1,1,5
OG0011491,1,1,1,1,1,5
OG0011492,1,1,1,1,1,5
OG0011493,1,1,1,1,1,5
OG0011494,1,1,1,1,1,5
OG0011495,1,1,1,1,1,5
OG0011496,1,1,1,1,1,5
OG0011497,1,1,1,1,1,5
OG0011498,1,1,1,1,1,5
OG0011499,1,1,1,1,1,5
OG0011500,1,1,1,1,1,5
OG0011501,1,1,1,1,1,5
OG0011502,1,1,1,1,1,5
OG0011503,1,1,1,1,1,5
OG0011504,1,1,1,1,1,5
OG0011505,1,1,1,1,1,5
OG0011509,1,1,1,1,1,5
OG0011510,1,1,1,1,1,5
OG0011512,1,1,1,1,1,5
OG0011513,1,1,1,1,1,5
OG0011515,1,1,1,1,1,5
OG0011516,1,1,1,1,1,5
OG0011517,1,1,1,1,1,5
OG0011519,1,1,1,1,1,5
OG0011522,1,1,1,1,1,5
OG0011525,1,1,1,1,1,5
OG0011529,1,1,1,1,1,5
OG0011533,1,1,1,1,1,5
OG0011535,1,1,1,1,1,5
OG0011536,1,1,1,1,1,5
OG0011537,1,1,1,1,1,5
OG0011539,1,1,1,1,1,5
OG0011541,1,1,1,1,1,5
OG0011542,1,1,1,1,1,5
OG0011544,1,1,1,1,1,5
OG0011547,1,1,1,1,1,5
OG0011548,1,1,1,1,1,5
OG0011549,1,1,1,1,1,5
OG0011550,1,1,1,1,1,5
OG0011551,1,1,1,1,1,5
OG0011552,1,1,1,1,1,5
OG0011553,1,1,1,1,1,5
OG0011555,1,1,1,1,1,5
OG0011556,1,1,1,1,1,5
OG0011570,1,1,1,1,1,5
OG0011627,1,1,1,1,1,5
OG0011632,1,1,1,1,1,5
OG0011634,1,1,1,1,1,5
OG0011637,1,1,1,1,1,5
OG0011659,1,1,1,1,1,5
OG0011664,1,1,1,1,1,5
OG0011666,1,1,1,1,1,5
OG0011695,1,1,1,1,1,5
OG0011696,1,1,1,1,1,5
OG0011701,1,1,1,1,1,5
OG0011702,1,1,1,1,1,5
OG0011711,1,1,1,1,1,5
OG0011726,1,1,1,1,1,5
OG0011739,1,1,1,1,1,5
OG0011750,1,1,1,1,1,5
OG0011766,1,1,1,1,1,5
OG0011793,1,1,1,1,1,5
OG0011797,1,1,1,1,1,5
OG0011809,1,1,1,1,1,5